지점,추천 키워드,월 검색량,경쟁도,추천 주제
강남신사점,결마지,50,낮음,TRUE
강남신사점,결마지펌,20,낮음,TRUE
강남신사점,신논현역미용실,1460,중간,TRUE
강남신사점,반포미용실,1000,중간,TRUE
강남신사점,가로수길미용실,680,중간,TRUE
강남신사점,잠원동미용실,530,중간,TRUE
강남신사점,압구정헤드스파,490,중간,TRUE
강남신사점,압구정미용실,3070,높음,TRUE
강남신사점,신사역미용실,2880,높음,TRUE
강남신사점,신논현미용실,1800,높음,TRUE
강남신사점,버킨뱅,250,낮음,TRUE
강남신사점,슬릭보브,110,중간,TRUE
강남신사점,숏단발,12000,높음,TRUE
강남신사점,히메컷,10070,높음,TRUE
강남신사점,태슬컷,9750,높음,TRUE
강남신사점,샤기컷,8150,높음,TRUE
강남신사점,시스루뱅,7860,높음,TRUE
강남신사점,픽시컷,7290,높음,TRUE
강남신사점,허그펌,1560,중간,TRUE
강남신사점,아이롱펌,14250,높음,TRUE
강남신사점,빌드펌,12680,높음,TRUE
강남신사점,새치염색,9710,높음,TRUE
강남신사점,뿌리염색,5610,높음,TRUE
강남신사점,브라운염색,3820,높음,TRUE
강남신사점,두피케어,6750,높음,TRUE
강남신사점,복구매직,5300,높음,TRUE
강남신사점,가을웜톤,3200,중간,TRUE
강남신사점,손상모복구,520,높음,TRUE
강남신사점,가을염색,420,높음,TRUE
강남신사점,가을단발,280,높음,TRUE
마곡나루점,결마지,50,낮음,TRUE
마곡나루점,결마지펌,20,낮음,TRUE
마곡나루점,청담헤어가양,3250,낮음,TRUE
마곡나루점,발산역미용실,3780,중간,TRUE
마곡나루점,마곡나루미용실,3480,중간,TRUE
마곡나루점,등촌역미용실,3280,중간,TRUE
마곡나루점,가양역미용실,2380,중간,TRUE
마곡나루점,염창역미용실,1640,중간,TRUE
마곡나루점,마곡나루역미용실,1300,중간,TRUE
마곡나루점,우장산미용실,970,중간,TRUE
마곡나루점,레이어드단발,5980,높음,TRUE
마곡나루점,처피뱅,4570,높음,TRUE
마곡나루점,커튼뱅,2950,높음,TRUE
마곡나루점,거지존,900,높음,TRUE
마곡나루점,레이어드보브,190,높음,TRUE
마곡나루점,버킨뱅,250,낮음,TRUE
마곡나루점,슬릭보브,110,중간,TRUE
마곡나루점,숏단발,12000,높음,TRUE
마곡나루점,리프펌,10580,높음,TRUE
마곡나루점,C컬펌,7990,높음,TRUE
마곡나루점,뿌리볼륨펌,7890,높음,TRUE
마곡나루점,발레아쥬,2960,높음,TRUE
마곡나루점,초코브라운,2790,높음,TRUE
마곡나루점,옴브레,2690,높음,TRUE
마곡나루점,두피클리닉,4440,높음,TRUE
마곡나루점,모발클리닉,700,높음,TRUE
마곡나루점,가을헤어스타일,190,높음,TRUE
마곡나루점,가을웜톤,3200,중간,TRUE
마곡나루점,손상모복구,520,높음,TRUE
마곡나루점,가을염색,420,높음,TRUE
부천신중동점,결마지,50,낮음,TRUE
부천신중동점,결마지펌,20,낮음,TRUE
부천신중동점,송내역미용실,3150,중간,TRUE
부천신중동점,상동역미용실,2200,중간,TRUE
부천신중동점,부천시청미용실,1490,중간,TRUE
부천신중동점,송내미용실,620,중간,TRUE
부천신중동점,부천복구매직,180,중간,TRUE
부천신중동점,부천아이롱펌,130,중간,TRUE
부천신중동점,부천미용실,9000,높음,TRUE
부천신중동점,부천역미용실,4760,높음,TRUE
부천신중동점,히메컷,10070,높음,TRUE
부천신중동점,태슬컷,9750,높음,TRUE
부천신중동점,샤기컷,8150,높음,TRUE
부천신중동점,시스루뱅,7860,높음,TRUE
부천신중동점,픽시컷,7290,높음,TRUE
부천신중동점,레이어드단발,5980,높음,TRUE
부천신중동점,처피뱅,4570,높음,TRUE
부천신중동점,커튼뱅,2950,높음,TRUE
부천신중동점,셋팅펌,6080,높음,TRUE
부천신중동점,물결펌,5790,높음,TRUE
부천신중동점,앞머리펌,5790,높음,TRUE
부천신중동점,모카브라운,2610,높음,TRUE
부천신중동점,톤다운염색,2560,높음,TRUE
부천신중동점,베이지브라운,1710,높음,TRUE
부천신중동점,탈모케어,510,높음,TRUE
부천신중동점,두피케어,6750,높음,TRUE
부천신중동점,가을단발,280,높음,TRUE
부천신중동점,가을헤어스타일,190,높음,TRUE
부천신중동점,가을웜톤,3200,중간,TRUE
부천신중동점,손상모복구,520,높음,TRUE
사가정2호점,결마지,50,낮음,TRUE
사가정2호점,결마지펌,20,낮음,TRUE
사가정2호점,사가정미용실,2950,낮음,TRUE
사가정2호점,사가정역미용실,1010,낮음,TRUE
사가정2호점,면목역미용실,850,낮음,TRUE
사가정2호점,중화동미용실,820,낮음,TRUE
사가정2호점,상봉미용실,3670,중간,TRUE
사가정2호점,상봉역미용실,1500,중간,TRUE
사가정2호점,중화역미용실,1250,중간,TRUE
사가정2호점,면목동미용실,940,중간,TRUE
사가정2호점,거지존,900,높음,TRUE
사가정2호점,레이어드보브,190,높음,TRUE
사가정2호점,버킨뱅,250,낮음,TRUE
사가정2호점,슬릭보브,110,중간,TRUE
사가정2호점,숏단발,12000,높음,TRUE
사가정2호점,히메컷,10070,높음,TRUE
사가정2호점,태슬컷,9750,높음,TRUE
사가정2호점,샤기컷,8150,높음,TRUE
사가정2호점,볼륨펌,3760,높음,TRUE
사가정2호점,S컬펌,1560,높음,TRUE
사가정2호점,바디펌,570,높음,TRUE
사가정2호점,올리브브라운,1580,높음,TRUE
사가정2호점,그레이염색,780,높음,TRUE
사가정2호점,가을염색,420,높음,TRUE
사가정2호점,복구매직,5300,높음,TRUE
사가정2호점,두피클리닉,4440,높음,TRUE
사가정2호점,가을단발,280,높음,TRUE
사가정2호점,가을헤어스타일,190,높음,TRUE
사가정2호점,가을웜톤,3200,중간,TRUE
사가정2호점,손상모복구,520,높음,TRUE
사가정점,결마지,50,낮음,TRUE
사가정점,결마지펌,20,낮음,TRUE
사가정점,사가정미용실,2950,낮음,TRUE
사가정점,사가정역미용실,1010,낮음,TRUE
사가정점,면목역미용실,850,낮음,TRUE
사가정점,중화동미용실,820,낮음,TRUE
사가정점,상봉미용실,3670,중간,TRUE
사가정점,상봉역미용실,1500,중간,TRUE
사가정점,중화역미용실,1250,중간,TRUE
사가정점,면목동미용실,940,중간,TRUE
사가정점,시스루뱅,7860,높음,TRUE
사가정점,픽시컷,7290,높음,TRUE
사가정점,레이어드단발,5980,높음,TRUE
사가정점,처피뱅,4570,높음,TRUE
사가정점,커튼뱅,2950,높음,TRUE
사가정점,거지존,900,높음,TRUE
사가정점,레이어드보브,190,높음,TRUE
사가정점,버킨뱅,250,낮음,TRUE
사가정점,허그펌,1560,중간,TRUE
사가정점,아이롱펌,14250,높음,TRUE
사가정점,빌드펌,12680,높음,TRUE
사가정점,새치염색,9710,높음,TRUE
사가정점,뿌리염색,5610,높음,TRUE
사가정점,브라운염색,3820,높음,TRUE
사가정점,모발클리닉,700,높음,TRUE
사가정점,탈모케어,510,높음,TRUE
사가정점,손상모복구,520,높음,TRUE
사가정점,가을염색,420,높음,TRUE
사가정점,가을단발,280,높음,TRUE
사가정점,가을헤어스타일,190,높음,TRUE
서면전포점,결마지,50,낮음,TRUE
서면전포점,결마지펌,20,낮음,TRUE
서면전포점,개금미용실,2700,낮음,TRUE
서면전포점,서면이쁘다헤어,1970,중간,TRUE
서면전포점,양정미용실,1480,중간,TRUE
서면전포점,전포미용실,4700,높음,TRUE
서면전포점,부산서면미용실,2700,높음,TRUE
서면전포점,전포동미용실,1750,높음,TRUE
서면전포점,서면남자미용실,1110,높음,TRUE
서면전포점,서면염색,740,높음,TRUE
서면전포점,슬릭보브,110,중간,TRUE
서면전포점,숏단발,12000,높음,TRUE
서면전포점,히메컷,10070,높음,TRUE
서면전포점,태슬컷,9750,높음,TRUE
서면전포점,샤기컷,8150,높음,TRUE
서면전포점,시스루뱅,7860,높음,TRUE
서면전포점,픽시컷,7290,높음,TRUE
서면전포점,레이어드단발,5980,높음,TRUE
서면전포점,리프펌,10580,높음,TRUE
서면전포점,C컬펌,7990,높음,TRUE
서면전포점,뿌리볼륨펌,7890,높음,TRUE
서면전포점,발레아쥬,2960,높음,TRUE
서면전포점,초코브라운,2790,높음,TRUE
서면전포점,옴브레,2690,높음,TRUE
서면전포점,두피케어,6750,높음,TRUE
서면전포점,복구매직,5300,높음,TRUE
서면전포점,가을웜톤,3200,중간,TRUE
서면전포점,손상모복구,520,높음,TRUE
서면전포점,가을염색,420,높음,TRUE
서면전포점,가을단발,280,높음,TRUE
서초방배점,결마지,50,낮음,TRUE
서초방배점,결마지펌,20,낮음,TRUE
서초방배점,낙성대미용실,3430,낮음,TRUE
서초방배점,낙성대역미용실,1340,낮음,TRUE
서초방배점,대학동미용실,670,낮음,TRUE
서초방배점,사당역미용실,4450,중간,TRUE
서초방배점,이수역미용실,3710,중간,TRUE
서초방배점,사당미용실,2230,중간,TRUE
서초방배점,방배역미용실,1640,중간,TRUE
서초방배점,내방역미용실,1490,중간,TRUE
서초방배점,처피뱅,4570,높음,TRUE
서초방배점,커튼뱅,2950,높음,TRUE
서초방배점,거지존,900,높음,TRUE
서초방배점,레이어드보브,190,높음,TRUE
서초방배점,버킨뱅,250,낮음,TRUE
서초방배점,슬릭보브,110,중간,TRUE
서초방배점,숏단발,12000,높음,TRUE
서초방배점,히메컷,10070,높음,TRUE
서초방배점,셋팅펌,6080,높음,TRUE
서초방배점,물결펌,5790,높음,TRUE
서초방배점,앞머리펌,5790,높음,TRUE
서초방배점,모카브라운,2610,높음,TRUE
서초방배점,톤다운염색,2560,높음,TRUE
서초방배점,베이지브라운,1710,높음,TRUE
서초방배점,두피클리닉,4440,높음,TRUE
서초방배점,모발클리닉,700,높음,TRUE
서초방배점,가을헤어스타일,190,높음,TRUE
서초방배점,가을웜톤,3200,중간,TRUE
서초방배점,손상모복구,520,높음,TRUE
서초방배점,가을염색,420,높음,TRUE
성수점,결마지,50,낮음,TRUE
성수점,결마지펌,20,낮음,TRUE
성수점,서울숲미용실,720,낮음,TRUE
성수점,뚝섬미용실,370,낮음,TRUE
성수점,왕십리역미용실,1160,중간,TRUE
성수점,뚝섬역미용실,870,중간,TRUE
성수점,건대입구미용실,760,중간,TRUE
성수점,상왕십리역미용실,490,중간,TRUE
성수점,행당역미용실,490,중간,TRUE
성수점,건대미용실,9080,높음,TRUE
성수점,태슬컷,9750,높음,TRUE
성수점,샤기컷,8150,높음,TRUE
성수점,시스루뱅,7860,높음,TRUE
성수점,픽시컷,7290,높음,TRUE
성수점,레이어드단발,5980,높음,TRUE
성수점,처피뱅,4570,높음,TRUE
성수점,커튼뱅,2950,높음,TRUE
성수점,거지존,900,높음,TRUE
성수점,볼륨펌,3760,높음,TRUE
성수점,S컬펌,1560,높음,TRUE
성수점,바디펌,570,높음,TRUE
성수점,올리브브라운,1580,높음,TRUE
성수점,그레이염색,780,높음,TRUE
성수점,가을염색,420,높음,TRUE
성수점,탈모케어,510,높음,TRUE
성수점,두피케어,6750,높음,TRUE
성수점,가을단발,280,높음,TRUE
성수점,가을헤어스타일,190,높음,TRUE
성수점,가을웜톤,3200,중간,TRUE
성수점,손상모복구,520,높음,TRUE
