지점명,키워드 분류,추천 키워드,월간 최소 검색량,경쟁강도,신규블로그추천,메모
강남신사점,시즌,잔머리 정리,1510,중간,○,초보 도전 가능
강남신사점,시즌,여름 커트,140,중간,○,초보 도전 가능
강남신사점,트렌드,원랭스컷,60,중간,○,초보 도전 가능
강남신사점,시즌,여름 헤어스타일,2020,높음,,경쟁 높음 — 꾸준히 축적용
강남신사점,트렌드,허쉬컷,36110,높음,,경쟁 높음 — 꾸준히 축적용
강남신사점,트렌드,레이어드컷,64570,높음,,경쟁 높음 — 꾸준히 축적용
강남신사점,트렌드,슬릭컷,28450,높음,,경쟁 높음 — 꾸준히 축적용
강남신사점,시즌,여름 단발,1040,높음,,경쟁 높음 — 꾸준히 축적용
마곡나루점,지역,마곡나루역 미용실,1230,중간,○,초보 도전 가능
마곡나루점,지역,발산역 미용실,3720,중간,○,초보 도전 가능
마곡나루점,시즌,잔머리 정리,1510,중간,○,초보 도전 가능
마곡나루점,시즌,여름 커트,140,중간,○,초보 도전 가능
마곡나루점,트렌드,레이어드컷,64570,높음,,경쟁 높음 — 꾸준히 축적용
마곡나루점,트렌드,앞머리 펌,6740,높음,,경쟁 높음 — 꾸준히 축적용
마곡나루점,시즌,여름 단발,1040,높음,,경쟁 높음 — 꾸준히 축적용
마곡나루점,트렌드,허쉬컷,36110,높음,,경쟁 높음 — 꾸준히 축적용
부천신중동점,지역,신중동 미용실,4100,높음,,경쟁 높음 — 꾸준히 축적용
부천신중동점,시즌,장마철 곱슬머리,150,중간,○,초보 도전 가능
부천신중동점,시즌,여름 커트,140,중간,○,초보 도전 가능
부천신중동점,시즌,곱슬머리 매직,540,높음,,경쟁 높음 — 꾸준히 축적용
부천신중동점,트렌드,C컬펌,8580,높음,,경쟁 높음 — 꾸준히 축적용
부천신중동점,트렌드,히피펌,51930,높음,,경쟁 높음 — 꾸준히 축적용
부천신중동점,시즌,여름 단발,1040,높음,,경쟁 높음 — 꾸준히 축적용
부천신중동점,트렌드,레이어드컷,64570,높음,,경쟁 높음 — 꾸준히 축적용
사가정점,지역,중화역 미용실,1350,낮음,⭐,초보 공략 추천 (저경쟁)
사가정점,지역,사가정역 미용실,820,낮음,⭐,초보 공략 추천 (저경쟁)
사가정점,시즌,잔머리 정리,1510,중간,○,초보 도전 가능
사가정점,시즌,여름 커트,140,중간,○,초보 도전 가능
사가정점,시즌,여름 숏컷,90,중간,○,초보 도전 가능
사가정점,트렌드,레이어드컷,64570,높음,,경쟁 높음 — 꾸준히 축적용
사가정점,트렌드,허쉬컷,36110,높음,,경쟁 높음 — 꾸준히 축적용
사가정점,시즌,여름 단발,1040,높음,,경쟁 높음 — 꾸준히 축적용
사가정2호점,지역,중화동 미용실,890,낮음,⭐,초보 공략 추천 (저경쟁)
사가정2호점,지역,면목역 미용실,990,낮음,⭐,초보 공략 추천 (저경쟁)
사가정2호점,시즌,잔머리 정리,1510,중간,○,초보 도전 가능
사가정2호점,시즌,여름 숏컷,90,중간,○,초보 도전 가능
사가정2호점,트렌드,물결펌,6310,높음,,경쟁 높음 — 꾸준히 축적용
사가정2호점,트렌드,히피펌,51930,높음,,경쟁 높음 — 꾸준히 축적용
사가정2호점,시즌,여름 펌,480,높음,,경쟁 높음 — 꾸준히 축적용
사가정2호점,트렌드,레이어드컷,64570,높음,,경쟁 높음 — 꾸준히 축적용
서면전포점,지역,개금 미용실,2960,낮음,⭐,초보 공략 추천 (저경쟁)
서면전포점,시즌,잔머리 정리,1510,중간,○,초보 도전 가능
서면전포점,시즌,장마철 곱슬머리,150,중간,○,초보 도전 가능
서면전포점,시즌,여름 커트,140,중간,○,초보 도전 가능
서면전포점,시즌,곱슬머리 매직,540,높음,,경쟁 높음 — 꾸준히 축적용
서면전포점,트렌드,레이어드컷,64570,높음,,경쟁 높음 — 꾸준히 축적용
서면전포점,트렌드,허쉬컷,36110,높음,,경쟁 높음 — 꾸준히 축적용
서면전포점,시즌,여름 단발,1040,높음,,경쟁 높음 — 꾸준히 축적용
성수점,지역,뚝섬역 미용실,900,중간,○,초보 도전 가능
성수점,시즌,여름 염색,1010,높음,,경쟁 높음 — 꾸준히 축적용
성수점,시즌,잔머리 정리,1510,중간,○,초보 도전 가능
성수점,트렌드,젤리펌,16680,높음,,경쟁 높음 — 꾸준히 축적용
성수점,트렌드,물결펌,6310,높음,,경쟁 높음 — 꾸준히 축적용
성수점,트렌드,시스루뱅,7280,높음,,경쟁 높음 — 꾸준히 축적용
성수점,시즌,여름 숏컷,90,중간,○,초보 도전 가능
성수점,트렌드,허쉬컷,36110,높음,,경쟁 높음 — 꾸준히 축적용
서초방배점,지역,낙성대 미용실,3740,낮음,⭐,초보 공략 추천 (저경쟁)
서초방배점,지역,대학동 미용실,730,낮음,⭐,초보 공략 추천 (저경쟁)
서초방배점,시즌,잔머리 정리,1510,중간,○,초보 도전 가능
서초방배점,시즌,여름 커트,140,중간,○,초보 도전 가능
서초방배점,트렌드,레이어드컷,64570,높음,,경쟁 높음 — 꾸준히 축적용
서초방배점,트렌드,허쉬컷,36110,높음,,경쟁 높음 — 꾸준히 축적용
서초방배점,시즌,여름 단발,1040,높음,,경쟁 높음 — 꾸준히 축적용
서초방배점,트렌드,슬릭컷,28450,높음,,경쟁 높음 — 꾸준히 축적용
