지점명,키워드 분류,세부 카테고리,추천 키워드,월간 최소 검색량,경쟁강도,신규블로그추천
서초방배점,지역,동네,방배 미용실,,,
서초방배점,지역,동네,방배동 미용실,,,
서초방배점,지역,역세권,방배역 미용실,,,
서초방배점,지역,역세권,내방역 미용실,,,
서초방배점,지역,동네,서초 미용실,,,
서초방배점,지역,동네,사당 미용실,,,
서초방배점,지역,역세권,이수역 미용실,,,
서초방배점,지역,동네,낙성대 미용실,,,
서초방배점,지역,역세권,낙성대역 미용실,,,
서초방배점,지역,동네,대학동 미용실,,,
서초방배점,지역,동네,장승배기 미용실,,,
서초방배점,지역,헤어살롱,방배 헤어살롱,,,
서초방배점,시그니처,커트,레이어드컷,,,
서초방배점,메인,펌,셋팅펌,,,
서초방배점,메인,펌,볼륨펌,,,
서초방배점,메인,펌,뿌리볼륨펌,,,
서초방배점,메인,펌,다운펌,,,
서초방배점,메인,펌,레이어드펌,,,
서초방배점,메인,펌,빌드펌,,,
서초방배점,메인,커트,보브컷,,,
서초방배점,메인,커트,단발,,,
서초방배점,메인,커트,허쉬컷,,,
서초방배점,메인,염색,새치염색,,,
서초방배점,메인,염색,뿌리염색,,,
서초방배점,메인,염색,톤다운 염색,,,
서초방배점,메인,염색,브릿지 염색,,,
서초방배점,메인,염색,디자인 염색,,,
서초방배점,메인,복구,복구매직,,,
서초방배점,메인,복구,손상모 복구,,,
서초방배점,메인,두피,헤드스파,,,
서초방배점,메인,두피,두피 스케일링,,,
서초방배점,메인,두피,모발 클리닉,,,
서초방배점,세부(롱테일),펌,셋팅펌 유지기간,,,
서초방배점,세부(롱테일),펌,볼륨펌 효과,,,
서초방배점,세부(롱테일),펌,뿌리볼륨펌 후기,,,
서초방배점,세부(롱테일),염색,새치염색 주기,,,
서초방배점,세부(롱테일),염색,톤다운 염색 추천,,,
서초방배점,세부(롱테일),복구,복구매직 후기,,,
서초방배점,세부(롱테일),두피,헤드스파 효과,,,
서초방배점,세부(롱테일),펌,셋팅펌 가격,,,
서초방배점,세부(롱테일),펌,볼륨펌 유지기간,,,
서초방배점,세부(롱테일),펌,뿌리볼륨펌 가격,,,
서초방배점,세부(롱테일),펌,다운펌 효과,,,
서초방배점,세부(롱테일),염색,새치염색 셀프,,,
서초방배점,세부(롱테일),염색,뿌리염색 주기,,,
서초방배점,세부(롱테일),염색,브릿지 염색 종류,,,
서초방배점,세부(롱테일),복구,복구매직 가격,,,
서초방배점,세부(롱테일),두피,두피 스케일링 효과,,,
서초방배점,세부(롱테일),두피,헤드스파 가격,,,
